"After finishing a meal",1," الْحَمْدُ لِلَّهِ الَّذِى اطْعَمَنَا وَسَقَانَا ، وَجَعَلنَا مُسْلِمِينَ","Alhamdulilahil ladhi at’amana, wasaqana, waj’alna min-al Muslimeen","Praise be to Allah Who has fed us and given us drink and made us Muslims.","Abu Dawud"
"After leaving toilet",1," غُفْرَانَكَ.","Ghufranak","I ask You (Allah) for forgiveness.","Zadul-Ma'ad 2:387"
"Remembrance After Prayer",7," اللَّهُمَّ إِنِّي أَسْأَلُكَ عِلْماً نَافِعاً وَرِزْقاً طَيِّباً، وَعَمَلاً مُتَقَبَّلاً . (بَعْد السّلامِ من صَلاةِ الفَجْر )","Allahumma innee as-aluka AAilman nafiAAan, warizqan tayyiban, waAAamalan mutaqabbalan.(after salam from fajr prayer).","O Allah, I ask You for knowledge which is beneficial and sustenance which is good, and deeds which are acceptable. (To be said after giving salam for the fajr prayer)","Ibn Majah 1:152"
"After rainfall",3," اللّهُمَّ حَوالَيْنا وَلا عَلَيْـنَا، اللّهُمَّ عَلى الآكَـامِ وَالظِّـرابِ، وَبُطُـونِِ الأوْدِيةِ، وَمَنـابِِتِ الشَّجَـرِ","Allaahumma hawaalaynaa wa laa 'alaynaa. Allaahumma 'alal-'aakaami wadh-dhiraabi, wa butoonil-'awdiyati, wa manaabitish-shajari","O Allah, let it pass us and not fall upon us, but upon the hills and mountains, and the center of the valleys, and upon the forested lands.","Al-Bukhari 1:224, Muslim 1:614"
"After Salah Tasbeeh",2," سُبْحَانَ اللَّه (33 times)
 اَلْحَمْدُ لِلَّه (33 times)
 اَللَّهُ أَكْبَر (34 times)","Subhana-Allah (33 times)
 Alhamdulillah (33 times)
 Allahu Akbar (34 times)","Glory be to Allah
 Praise be to Allah
 Allah is the greatest",""
"After Takbeer (Start of prayer)",3," سُبْحَانَكَ اللَّهُمَّ وَبِحَمْدِكَ، وَتَبَارَكَ اسْمُكَ، وَتَعَالَى جَدُّكَ، وَلَا إِلَهَ غَيْرُكَ","Subhaanaka Allaahumma wa bihamdika, wa tabaarakasmuka, wa ta'aalaa jadduka, wa laa 'ilaaha ghayruka","Glory is to You O Allah, and praise. Blessed is Your Name and Exalted is Your Majesty. There is none worthy of worship but You.","An-Nasa'i: 900, At-Tirmidhi: 243,"
"After Tashahhud",3," اللَّهُمَّ اغْفِرْ لِي مَا قَدَّمْتُ وَمَا أَخَّرْتُ، وَمَا أَسْرَرْتُ، وَمَا أَعْلَنْتُ، وَمَا أَسْرَفْتُ، وَمَا أَنْتَ أَعْلَمُ بِهِ مِنِّي. أَنْتَ الْمُقَدِّمُ، وَأَنْتَ الْمُؤَخِّرُ لَا إِلهَ إِلَاَّ أَنْتَ","Allaahum-maghfir lee maa qaddamtu, wa maa 'akhkhartu, wa maa 'asrartu, wa maa 'a'lantu, wa maa 'asraftu, wa maa 'Anta 'a'lamu bihi minnee. 'Antal-Muqaddimu, wa 'Antal-Mu'akhkhiru laa 'ilaaha 'illaa 'Anta","O Allah, forgive me what I have sent before me and what I have left behind me, what I have concealed and what I have done openly, what I have done in excess , and what You are better aware of than I . You are the One Who sends forth and You are the One Who delays . There is none worthy of worship but You.","Abu Dawud: 1509"
"Asking Allah to grant you a child",2," رَبِّ لَا تَذَرْنِيْ فَرْدًا وَّاَنْتَ خَيْرُ الْوٰرِثِيْنَ","Rabbi Laa Tad’arnee Fardaw wa Anta Khayrul Waaritheen","O My Lord! Leave me not single (childless), though You are the Best of the inheritors.","Surah Al-Anbiya - 21:89"
"At Arafat",1," لَا إِلَهَ إِلَّا اللَّهُ وَحْدَهُ لَا شَرِيكَ لَهُ لَهُ الْمُلْكُ وَلَهُ الْحَمْدُ وَهُوَ عَلَى كُلِّ شَيْءٍ قَدِيرٍ","Laa ilaaha ill-allaahu, waḥdahu laa shareeka lah, lahul-mulku wa lahul-ḥamdu, wa huwa ‛alaa kulli shay’in qadeer","None has the right to be worshiped except Allah, alone, without partner. To Him belongs sovereignty and all praise and He is over all things omnipotent.","At-Tirmidhi 5:504"
"At the end of a Gathering/Majlis",1," سُبْحـانَكَ اللّهُـمَّ وَبِحَمدِك، أَشْهَـدُ أَنْ لا إِلهَ إِلاّ أَنْتَ أَسْتَغْفِرُكَ وَأَتوبُ إِلَـيْك","Subhaanaka Allaahumma wa bihamdika, 'ash-hadu 'an laa 'ilaaha 'illaa 'Anta, 'astaghfiruka wa 'atoobu 'ilayka","Glory is to You, O Allah, and praise is to You. I bear witness that there is none worthy of worship but You. I seek Your forgiveness and repent to You.","Abu Dawud: 4859"
"At times of worry and sorry",1," اللّهُـمَّ إِنِّي أَعْوذُ بِكَ مِنَ الهَـمِّ وَ الْحُـزْنِ، والعًجْـزِ والكَسَلِ والبُخْـلِ والجُـبْنِ، وضَلْـعِ الـدَّيْنِ وغَلَبَـةِ الرِّجال","Allaahumma 'innee 'a'oothu bika minal-hammi walhazani, wal'ajzi walkasali, walbukhli waljubni, wa dhala'id-dayni wa ghalabatir-rijaal","O Allah, I seek refuge in you from grief and sadness, from weakness and from laziness, from miserliness and from cowardice, from being overcome by debt and overpowered by men (i .e . others).","Al-Bukhari: 2893, 5425, 6363, 6369"
"Before entering toilet",1," (بِسْمِ اللَّهِ). اللَّهُـمَّ إِنِّي أَعُـوذُ بِـكَ مِـنَ الْخُـبْثِ وَالْخَبَائِثِ.","(Bismil-lah) allahumma innee aAAoothu bika minal-khubthi wal-khaba-ith","(In the name of Allah). O Allah, I take refuge with you from all evil and evil-doers.","Al-Bukhari 1:45, Muslim 1:283"
"Before sleeping",8," اللهُ لَا إِلَهَ إِلَّا هُوَ الْحَيُّ الْقَيُّومُ لَا تَأْخُذُهُ سِنَةٌ وَلَا نَوْمٌ لَهُ مَا فِي السَّمَاوَاتِ وَمَا فِي الْأَرْضِ مَنْ ذَا الَّذِي يَشْفَعُ عِنْدَهُ إِلَّا بِإِذْنِهِ يَعْلَمُ مَا بَيْنَ أَيْدِيهِمْ وَمَا خَلْفَهُمْ وَلَا يُحِيطُونَ بِشَيْءٍ مِنْ عِلْمِهِ إِلَّا بِمَا شَاءَ وَسِعَ كُرْسِيُّهُ السَّمَاوَاتِ وَالْأَرْضَ وَلَا يَئُودُهُ حِفْظُهُمَا وَهُوَ الْعَلِيُّ الْعَظِيمُ","Allaahu laa 'ilaaha 'illaa Huwal-Hayyul-Qayyoom, laa ta'khuthuhu sinatun wa laa nawm, lahu maa fis-samaawaati wa maafil-'ardh, man thal-lathee yashfa'u 'indahu 'illaa bi'ithnih, ya'lamu maa bayna 'aydeehim wa maa khalfahum, wa laa yuheetoona bishay'im-min 'ilmihi 'illaa bimaa shaa'a, wasi'a kursiyyuhus-samaawaati wal'ardh, wa laa ya'ooduhu hifdhuhumaa, wa Huwal-'Aliyyul- 'Adheem","Allah! There is none worthy of worship but He, the Ever Living, the One Who sustains and protects all that exists. Neither slumber nor sleep overtakes Him. To Him belongs whatever is in the heavens and whatever is on the earth. Who is he that can intercede with Him except with His Permission? He knows what happens to them in this world, and what will happen to them in the Hereafter. And they will never compass anything of His Knowledge except that which He wills. His Throne extends over the heavens and the earth, and He feels no fatigue in guarding and preserving them. And He is the Most High, the Most Great.","Surah Al-Baqarah - 2:255"
"Before starting anything",1," بِسْمِ اللّٰہِ الرَّحْمٰنِ الرَّحِيْمِ","Bismi-llāhi r-raḥmāni r-raḥīm","In the name of Allah , the Entirely Merciful, the Especially Merciful.","Sunnah of Prophet (SAW)"
"Darood -e- Ibraheemi",1," اللَّهُمَّ صَلِّ عَلَى مُحَمَّدٍ وَعَلَى آلِ مُحَمَّدٍ كَمَا صَلَّيْتَ عَلَى إِبْرَاهِيمَ وَعَلَى آلِ إِبْرَاهِيمَ، إِنَّكَ حَمِيدٌ مَجِيدٌ، اللَّهُمَّ بَارِكَ عَلَى مُحَمَّدٍ وَعَلَى آلِ مُحَمَّدٍ كَمَا بَارَكْتَ عَلَى إِبْرَاهِيمَ وَعَلَى آلِ إِبْرَاهِيمَ، إِنَّكَ حَمِيدٌ مَجِيدٌ","Allaahumma salli 'alaa Muhammadin wa 'alaa 'aali Muhammadin, kamaa sallayta 'alaa 'Ibraaheema wa 'alaa 'aali 'Ibraaheema, 'innaka Hameedun Majeed. Allaahumma baarik 'alaa Muhammadin wa 'alaa 'aali Muhammadin, kamaa baarakta 'alaa 'Ibraaheema wa 'alaa 'aali 'Ibraaheema, 'innaka Hameedun Majeed","O Allah, bestow Your favor on Muhammad and on the family of Muhammad as You have bestowed Your favor on Ibrahim and on the family of Ibrahim, You are Praiseworthy, Most Glorious. O Allah, bless Muhammad and the family of Muhammad as You have blessed Ibrahim and the family of Ibrahim, You are Praiseworthy, Most Glorious.","Al-Bukhari: 320"
"Dua e Qunoot (recited in Witr prayer)",1," اَللَّهُمَّ إنا نَسْتَعِينُكَ وَنَسْتَغْفِرُكَ وَنُؤْمِنُ بِكَ وَنَتَوَكَّلُ عَلَيْكَ وَنُثْنِئْ عَلَيْكَ الخَيْرَ وَنَشْكُرُكَ وَلَا نَكْفُرُكَ وَنَخْلَعُ وَنَتْرُكُ مَنْ ئَّفْجُرُكَ اَللَّهُمَّ إِيَّاكَ نَعْبُدُ وَلَكَ نُصَلِّئ وَنَسْجُدُ وَإِلَيْكَ نَسْعأئ وَنَحْفِدُ وَنَرْجُو رَحْمَتَكَ وَنَخْشآئ عَذَابَكَ إِنَّ عَذَابَكَ بِالكُفَّارِ مُلْحَقٌ","Allah humma inna nasta-eenoka wa nastaghfiruka wa nu'minu bika wa natawakkalu alaika wa nusni alaikal khair, wa nashkuruka wala nakfuruka wa nakhla-oo wa natruku mai yafjuruka, Allah humma iyyaka na'budu wa laka nusalli wa nasjud wa ilaika nas aaa wa nahfizu wa narju rahma taka wa nakhshaa azaabaka inna azaabaka bil kuffari mulhik","O Allah! We implore You for help and beg forgiveness of You and believe in You and rely on You and extol You and we are thankful to You and are not ungrateful to You and we alienate and forsake those who disobey You. O Allah! You alone do we worship and for You do we pray and prostrate and we betake to please You and present ourselves for the service in Your cause and we hope for Your mercy and fear Your chastisement. Undoubtedly, Your torment is going to overtake infidels O Allah!","At-Tirmidhi: 464, Abu Dawud: 1425"
"During a windstorm",1," اللّهُـمَّ إِنَّـي أَسْـأَلُـكَ خَيْـرَها، وَأَعـوذُ بِكَ مِنْ شَـرِّها","Allaahumma 'innee 'as'aluka khayrahaa, wa 'a'oothu bika min sharrihaa","O Allah , I ask You for the good of it and seek refuge in You against its evil.","Abu Dawud: 5084, Ibn Majah: 2252"
"During Ruku (bowing down in prayer)",5," سُبْحَانَ ذِي الْجَبَرُوتِ، وَالْمَلَكُوتِ، وَالْكِبْرِيَاءِ، وَالْعَظَمَةِ","Subhaana thil-jabarooti, walmalakooti, walkibriyaa'i, wal'adhamati","Glory is to You, Master of power, of dominion, of majesty and greatness.","An-Nasa'i: 1133"
"Evening remembrance",10," اللَّهُمَّ عَالِمَ الْغَيْبِ وَالشَّهَادَةِ فَاطِرَ السَّماوَاتِ وَالْأَرْضِ، رَبَّ كُلِّ شَيْءٍ وَمَلِيكَهُ، أَشْهَدُ أَنْ لَا إِلَهَ إِلَّا أَنْتَ، أَعُوذُ بِكَ مِنْ شَرِّ نَفْسِي، وَمِنْ شَرِّ الشَّيْطَانِ وَشِرْكِهِ، وَأَنْ أَقْتَرِفَ عَلَى نَفْسِي سُوءاً أَوْ أَجُرَّهُ إِلَى مُسْلِمٍ.","Allahumma AAalimal-ghaybi washshahadah, fatiras-samawati wal-ard, rabba kulli shayin wamaleekah, ashhadu an la ilaha illa ant, aAAoothu bika min sharri nafsee wamin sharrish-shaytani washirkih, waan aqtarifa AAala nafsee soo-an aw ajurrahu ila muslim.","O Allah, Knower of the unseen and the seen, Creator of the heavens and the Earth, Lord and Sovereign of all things, I bear witness that none has the right to be worshipped except You. I take refuge in You from the evil of my soul and from the evil and shirk of the devil, and from committing wrong against my soul or bringing such upon another Muslim.","At-Tirmidhi 3:142"
"Everyday Duas",4," لاَ إِلَهَ إِلَّا أنْـت سُـبْحانَكَ إِنِّي كُنْـتُ مِنَ الظّـالِميـن","Laa 'ilaaha 'illaa 'Anta subhaanaka 'innee kuntu minadh-dhaalimeen","There is none worthy of worship but You, glory is to You. Surely, I was among the wrongdoers.","Surah Al-Anbiya - 21:87"
"For a blissful family",1," رَبَّنَا هَبْ لَنَا مِنْ أَزْوَاجِنَا وَذُرِّيَّاتِنَا قُرَّةَ أَعْيُنٍ وَاجْعَلْنَا لِلْمُتَّقِينَ إِمَامًا","Rabbana Hablana min azwaajina wadhurriy-yatina, qurrata 'ayioni wa-jalna lil-muttaqeena Imaama","O my Lord! Grant unto us wives and offspring who will be the comfort of our eyes, and give us (the grace) to lead the righteous.","Surah Al-Furqan - 25:74"
"For a healthy life",1," اللّهُـمَّ عافِـني في بَدَنـي ، اللّهُـمَّ عافِـني في سَمْـعي ، اللّهُـمَّ عافِـني في بَصَـري ، لا إلهَ إلاّ أَنْـتَ.
 اللّهُـمَّ إِنّـي أَعـوذُبِكَ مِنَ الْكُـفر ، وَالفَـقْر ، وَأَعـوذُبِكَ مِنْ عَذابِ القَـبْر ، لا إلهَ إلاّ أَنْـتَ","Allaahumma 'aafinee fee badanee, Allaahumma 'aafinee fee sam'ee, Allaahumma 'aafinee fee basaree, laa 'ilaaha 'illaa 'Anta.
 Allaahumma 'innee 'a'oothu bika minal-kufri, walfaqri, wa 'a'oothu bika min 'athaabil-qabri, laa 'ilaaha 'illaa 'Anta.","O Allah, make me healthy in my body. O Allah, preserve for me my hearing. O Allah, preserve for me my sight. There is none worthy of worship but You .
 O Allah , I seek refuge in You from disbelief and poverty and I seek refuge in You from the punishment of the grave . There is none worthy of worship but You.","Abu Dawud: 5090"
"For accomodation",1," رَّبِّ أَنزِلْنِي مُنزَلًا مُّبَارَكًا وَأَنتَ خَيْرُ الْمُنزِلِينَ","Rabbi anzilnee munzalan mubarakanwaanta khayru almunzileen","My Lord, let me land at a blessed landing place, and You are the best to accommodate [us].","Surah Al-Mu'minoon - 23:29"
"For asking forgiveness for yourself and anyone who enters your house",1," رَّبِّ اغْفِرْ لِي وَلِوَالِدَيَّ وَلِمَن دَخَلَ بَيْتِيَ مُؤْمِنًا وَلِلْمُؤْمِنِينَ وَالْمُؤْمِنَاتِ وَلَا تَزِدِ الظَّالِمِينَ إِلَّا تَبَارًا","Rabbi ighfir lee waliwalidayyawaliman dakhala baytiya mu'minan walil mu'mineena wal mu'minati wala tazidi aththalimeena illatabaran","My Lord, forgive me and my parents and whoever enters my house a believer and the believing men and believing women. And do not increase the wrongdoers except in destruction.","Surah Nooh - 71:28"
"For being grateful to Allah",2," رَبِّ أَوْزِعْنِي أَنْ أَشْكُرَ نِعْمَتَكَ الَّتِي أَنْعَمْتَ عَلَيَّ وَعَلَىٰ وَالِدَيَّ وَأَنْ أَعْمَلَ صَالِحًا تَرْضَاهُ وَأَدْخِلْنِي بِرَحْمَتِكَ فِي عِبَادِكَ الصَّالِحِينَ","Rabbi awziAAnee an ashkura niAAmataka allateeanAAamta AAalayya waAAala walidayya waan aAAmala salihantardahu waadkhilnee birahmatika fee AAibadikaassaliheen","My Lord, enable me to be grateful for Your favor which You have bestowed upon me and upon my parents and to do righteousness of which You approve. And admit me by Your mercy into [the ranks of] Your righteous servants.","Surah An-Naml - 27:19"
"For controlling your anger",1," أَعُوذُ بِاللَّهِ مِنَ الشَّيْطانِ الرَّجِيْمِ","A'oothu billaahi minash-Shaytaanir-rajeem","I seek refuge with Allah against the Satan, the outcast.","Abu Dawud: 4781 Al-Bukhari: 6115"
"For curbing fear",1," اللَّهُمَّ اكْفِنِيهِمْ بِماَ شِئْتَ","Allaahummak-fineehim bimaa shi'ta","O Allah, suffice (i.e. protect) me against them however You wish.","Muslim 4:2300"
"For fear of committing Shirk",1," اللّهُـمَّ إِنّـي أَعـوذُبِكَ أَنْ أُشْـرِكَ بِكَ وَأَنا أَعْـلَمْ، وَأَسْتَـغْفِرُكَ لِما لا أَعْـلَم","Allaahumma 'innee 'a'oothu bika 'an 'ushrika bika wa 'anaa 'a'lamu, wa 'astaghfiruka limaa laa 'a'lamu","O Allah, I seek refuge in You lest I associate anything with You knowingly, and I seek Your forgiveness for what I know not.","Ahmad 4:403"
"For forgiveness",10," رَبِّ اغْفِـرْ لي، وَتُبْ عَلَـيَّ، إِنَّكَ أَنْـتَ التَّـوّابُ الغَـفُورُ","Rabbighfir lee wa tub 'alayya 'innaka 'Antat-Tawwaabul-Ghafoor","My Lord, forgive me and accept my repentance, You are the Ever-Relenting, the All-Forgiving.","At-Tirmidhi: 3434 and Abu Dawud: 1516"
"For forgiveness and Allah's mercy",6," رَبَّنَآ اٰمَنَّا فَاغْفِرْ لَنَا وَارْحَمْنَا وَاَنْتَ خَيْرُ الرّٰحِمِيْنَ","Rabbanaa Aamannaa Faghfir Lanaa Warh’amnaa Wa Anta Khayrur Raah’imeen","Our Lord! We believe, so forgive us, and have mercy on us, for You are the Best of all who show mercy!","Surah Al-Mu'minoon - 23:109"
"For forgiveness for your parents and all Muslims",2," رَبَّنَا اغْفِرْ لِي وَلِوَالِدَيَّ وَلِلْمُؤْمِنِينَ يَوْمَ يَقُومُ الْحِسَابُ","Rabbana ghfir li wa li wallidayya wa lil Mu'mineena yawma yaqumul hisaab","O our Lord! Cover (us) with Thy Forgiveness - me, my parents, and (all) Believers, on the Day that the Reckoning will be established!","Surah Ibraheem - 14:41"
"For greeting people",1," السلام عليكم ورحمة الله وبركاته","Assalamu ‘alaikum wa rahmatullahi wa barakatuh","May the peace, mercy, and blessings of Allah be upon you","Sunnah of the Prophet S.A.W"
"For Istikhara",1," اللَّهُمَّ إِنِّي أَسْتَخِيرُكَ بِعِلْمَكَ، وَأَسْتَقْدِرُكَ بِقُدْرَتِكَ، وَأَسْأَلُكَ مِنْ فَضْلِكَ الْعَظِيمِ، فَإِنَّكَ تَقْدِرُ وَلَا أَقْدِرُ، وَتَعْلَمُ، وَلَا أَعْلَمُ، وَأَنْتَ عَلَّامُ الْغُيُوبِ، اللَّهُمَّ إِنْ كُنْتَ تَعْلَمُ أَنَّ هَذَا الْأَمْرَ- خَيْرٌ لِي فِي دِينِي وَمَعَاشِي وَعَاقِبَةِ أَمْرِي- عَاجِلِهِ وَآجِلِهِ- فَاقْدُرْهُ لِي وَيَسِّرْهُ لِي ثُمَّ بَارِكْ لِي فِيهِ، وَإِنْ كُنْتَ تَعْلَمُ أَنَّ هَذَا الْأَمْرَ شَرٌّ لِي فِي دِينِي وَمَعَاشِي وَعَاقِبَةِ أَمْرِي- عَاجِلِهِ وَآجِلِهِ- فَاصْرِفْهُ عَنِّي وَاصْرِفْنِي عَنْهُ وَاقْدُرْ لِيَ الْخَيْرَ حَيْثُ كَانَ ثُمَّ أَرْضِنِي بِهِ","Allaahumma 'innee 'astakheeruka bi'ilmika, wa 'astaqdiruka biqudratika, wa 'as'aluka min fadhtikal-'Adheemi, fa'innaka taqdiru wa laa 'aqdiru, wa ta'lamu, wa laa 'a'lamu, wa 'Anta 'Allaamul-Ghuyoobi, Allaahumma 'in kunta ta'lamu 'anna haathal-'amra-[then mention the thing to be decided] Khayrun lee fee deenee wa ma'aashee wa 'aaqibati 'amree - [or say] 'Aajilihi wa 'aajilihi - Faqdurhu lee wa yassirhu lee thumma baarik lee feehi, wa 'in kunta ta'lamu 'anna haathal-'amra sharrun lee fee deenee wa ma'aashee wa 'aaqibati 'amree - [or say] 'Aajilihi wa 'aajilihi - Fasrifhu 'annee wasrifnee 'anhu waqdur liyal-khayra haythu kaana thumma 'ardhinee bihi","O Allah, I seek the counsel of Your Knowledge, and I seek the help of Your Omnipotence, and I beseech You for Your Magnificent Grace. Surely, You are Capable and I am not. You know and I know not, and You are the Knower of the unseen. O Allah, if You know that this matter [then mention the thing to be decided] is good for me in my religion and in my life and for my welfare in the life to come, - [or say: in this life and the afterlife] - then ordain it for me and make it easy for me, then bless me in it. And if You know that this matter is bad for me in my religion and in my life and for my welfare in the life to come, - [or say: in this life and the afterlife] - then distance it from me, and distance me from it, and ordain for me what is good wherever it may be, and help me to be content with it.
 Whoever seeks the counsel of the Creator will not regret it and whoever seeks the advice of the believers will feel confident about his decisions.
 Allah said in the Qur'an: "And consult them in the affair. Then when you have taken a decision, put your trust in Allah."","Al-Bukhari 7:162"
"For Jannah",2," رَبَّنَا وَأَدْخِلْهُمْ جَنَّاتِ عَدْنٍ الَّتِي وَعَدتَّهُمْ وَمَن صَلَحَ مِنْ آبَائِهِمْ وَأَزْوَاجِهِمْ وَذُرِّيَّاتِهِمْ ۚ إِنَّكَ أَنتَ الْعَزِيزُ الْحَكِيمُ
 وَقِهِمُ السَّيِّئَاتِ ۚ وَمَن تَقِ السَّيِّئَاتِ يَوْمَئِذٍ فَقَدْ رَحِمْتَهُ ۚ وَذَٰلِكَ هُوَ الْفَوْزُ الْعَظِيمُ","Rabbana wa adhkhilhum Jannati 'adninil-lati wa'attahum wa man salaha min aba'ihim wa azwajihim wa dhuriyyatihim innaka antal 'Azizul-Hakim, waqihimus sayyi'at wa man taqis-sayyi'ati yawma'idhin faqad rahimatahu wa dhalika huwal fawzul-'Adheem","Our Lord! And make them enter the 'Adn (Eden) Paradise (everlasting Gardens) which you have promised them, and to the righteous among their fathers, their wives, and their offspring! Verily, You are the All-Mighty, the All-Wise.
 And save them from (the punishment, because of what they did of) the sins, and whomsoever You save from (the punishment, because of what they did of) the sins (i.e. excuse them) that Day, him verily, You have taken into mercy." And that is the supreme success."","Surah Ghafir - 40:8-9"
"For Justice",1," رَبَّنَا افْتَحْ بَيْنَنَا وَبَيْنَ قَوْمِنَا بِالْحَقِّ وَأَنتَ خَيْرُ الْفَاتِحِينَ","Rabbanaf-tah baynana wa bayna qawmina bil haqqi wa anta Khayrul Fatiheen","Our Lord! Decide Thou between us and our people in truth, for Thou art the best to decide.","Surah Al-A'raf - 7:89"
"For leaving everything in the hands of Allah",1," قُلِ اللَّهُمَّ فَاطِرَ السَّمَاوَاتِ وَالْأَرْضِ عَالِمَ الْغَيْبِ وَالشَّهَادَةِ أَنتَ تَحْكُمُ بَيْنَ عِبَادِكَ فِي مَا كَانُوا فِيهِ يَخْتَلِفُونَ","Quli allahumma fatira assamawatiwal-ardi AAalima alghaybi washshahadatianta tahkumu bayna AAibadika fee ma kanoofeehi yakhtalifoon","Say (O Muhammad SAW): "O Allah! Creator of the heavens and the earth! All-Knower of the Ghaib (unseen) and the seen. You will judge between your slaves about that wherein they used to differ."","Surah Az-Zumar - 39:46"
"For overcoming your weaknesses",1," اللَّهُمَّ إنِّي أعُوذُ بِكَ مِنَ الْهَمِّ وَ الْحَزَنِ وَ الْعَجْزِ وَ الْكَسَلِ وَ الْبُخْلِ وَ الْجُبْنِ وَ ضَلَعِ الدِّيْنِ وَ غَلَبَةِ الرِّجَالِ","Allahumma inni a'udhubika minal hammi wal hazan, wal 'ajzi wal kasal, wal bukhli wal jubn, wa dhala'id-dayni wa ghalabatir rijaal","O Allah! I seek refuge in You from grief and sadness, from weakness and from laziness, from miserliness and from cowardice, from being overcome by debt and from being overpowered by men (other people).","Al-Bukhari 7:158"
"For parents",2," رَّبِّ ارْحَمْهُمَا كَمَا رَبَّيَانِي صَغِيرًا","Rabbi irhamhuma kama rabbayani sagheera","My Lord, have mercy upon them (parents) as they brought me up [when i was] small.","Surah Al-Isra - 17:24"
"For patience",3," رَبَّنَا أَفْرِغْ عَلَيْنَا صَبْرًا وَتَوَفَّنَا مُسْلِمِينَ","Rabbana afrigh 'alayna sabraw wa tawaffana Muslimeen","Our Lord! pour out on us patience, and cause us to die as Muslims.","Surah Al-A'raf - 7:126"
"For praising Allah",9," مَا شَاءَ اللَّهُ لَا قُوَّةَ إِلَّا بِاللَّهِ","Ma shaa Allahu la quwwata illabillahi","What Allah willed [has occurred], there is no power except in Allah.","Surah Al-Kahf - 18:39"
"For protection and help from Allah",10," اللَّهُمَّ إِنِّي أَسْأَلُكَ الْعَفْوَ وَالْعَافِيَةَ فِي الدُّنْيَا وَالْآخِرَةِ، اللَّهُمَّ إِنِّي أَسْأَلُكَ الْعَفْوَ وَالْعَافِيَةَ فِي دِينِي وَدُنْيَايَ وَأَهْللِي، وَمَالِي، اللَّهُمَّ اسْتُرْ عَوْرَاتِي، وَآمِنْ رَوْعَاتِي، اللَّهُمَّ احْفَظْنِي مِنْ بَيْنِ يَدَيَّ، وَمِنْ خَلْفِي، وَعَنْ يَمِينِي، وَعَنْ شِمَالِي، وَمِنْ فَوْقِي، وَأَعُوذُ بِعَظَمَتِكَ أَنْ أُغْتَالَ مِنْ تَحْتِي","Allaahumma 'innee 'as'alukal-'afwa wal'aafiyata fid-dunyaa wal'aakhirati, Allaahumma 'innee 'as'alukal-'afwa wal'aafiyata fee deenee wa dunyaaya wa 'ahlee, wa maalee , Allaahum-mastur 'awraatee, wa 'aamin raw'aatee, Allaahum-mahfadhnee min bayni yadayya, wa min khalfee, wa 'an yameenee, wa 'an shimaalee, wa min fawqee, wa 'a'oothu bi'adhamatika 'an 'ughtaala min tahtee","O Allah, I seek Your forgiveness and Your protection in this world and the next. O Allah, I seek Your forgiveness and Your protection in my religion, in my worldly affairs, in my family and in my wealth. O Allah, conceal my secrets and preserve me from anguish . O Allah , guard me from what is in front of me and behind me , from my left , and from my right , and from above me . I seek refuge in Your Greatness from being struck down from beneath me.","Ibn Majah: 3871, Abu Dawud: 5074"
"For protection from ignorance",1," أَعُوذُ بِاللَّهِ أَنْ أَكُونَ مِنَ الْجَاهِلِينَ","Aoothu billahi an akoona minal jahileen","I seek refuge in Allah from being among the ignorant.","Surah Al-Baqarah - 2:67"
"For protection from oppressors",2," اللّهُـمَّ أَنْتَ عَضُـدي، وَأَنْتَ نَصـيري، بِكَ أَجـولُ وَبِكَ أَصـولُ وَبِكَ أُقـاتِل","Allaahumma 'Anta 'adhudee, wa 'Anta naseeree, bika 'ajoolu, wa bika 'asoolu, wa bika 'uqaatilu","O Allah, You are my strength and You are my support. For Your sake I go forth and for Your sake I advance and for Your sake I fight.","Abu Dawud: 2632"
Error getting data from https://www.islamicfinder.org/duas/masnoon/for-protection-from-satan-shaytan/
"For protection from the wrongdoers",4," عَلَى اللَّهِ تَوَكَّلْنَا رَبَّنَا لَا تَجْعَلْنَا فِتْنَةً لِلْقَوْمِ الظَّالِمِينَ
 وَنَجِّنَا بِرَحْمَتِكَ مِنَ الْقَوْمِ الْكَافِرِينَ","Alal Allahi thawakkalna rabbana la taj'alna fitnatal lil-qawmidh-Dhalimeen.
 Wa najjina bi-Rahmatika minal qawmil kafireen.","Upon Allah do we rely. Our Lord, make us not [objects of] trial for the wrongdoing people.
 And save us by Your mercy from the disbelieving people.","Surah Yunus - 10:85-86"
"For rain",1," اللّهُمَّ اَسْقِـنا غَيْـثاً مُغيـثاً مَريئاً مُريـعاً، نافِعـاً غَيْـرَ ضَّارٌ، عاجِـلاً غَـيْرَ آجِلٍ","Allaahumma 'asqinaa ghaythan mugheethan maree'an maree'an, naafi'an ghayradhaarrin, 'aajilan ghayra 'aajilin.","O Allah, shower upon us abundant rain, beneficial not harmful, swiftly and not delayed.","Abu Dawud 1:303"
"For reciting at Al-Mash'ar Al-Haraam",1," أَللّهُ أَكْبَرُ
 أَللّهُ أَحَدٌ
 لاَإِلَهَ إِلاَّ اللهُ","Allaahu 'Akbar
 Allaahu 'Ahad
 Laa 'ilaaha 'illallaah","Allah is the Most Great.
 Allah is One.
 There is none worthy of worship but Allah.","Muslim 2:891"
"For repentance",2," ذَٰلِكُمُ اللَّهُ رَبِّي عَلَيْهِ تَوَكَّلْتُ وَإِلَيْهِ أُنِيبُ","Dhalikumu Allahu rabbee alayhi tawakkaltu wa-ilayhi uneeb","(And say O Muhammad SAW to these polytheists:) Such is Allah, my Lord in Whom I put my trust, and to Him I turn in all of my affairs and in repentance.","Surah Ash-Shuraa - 42:10"
"For righteous company",4," فَاطِرَ السَّمَاوَاتِ وَالْأَرْضِ أَنْتَ وَلِيِّي فِي الدُّنْيَا وَالْآخِرَةِ ۖ تَوَفَّنِي مُسْلِمًا وَأَلْحِقْنِي بِالصَّالِحِينَ","fatira assamawatiwal-ardi anta waliyyee fee addunyawal-akhirati tawaffanee musliman waalhiqneebissaliheen","Creator of the heavens and earth, You are my protector in this world and in the Hereafter. Cause me to die a Muslim and join me with the righteous.","Surah Yusuf - 12:101"
"For Rizq (sustenance)",7," اللَّهُ لَطِيفٌ بِعِبَادِهِ يَرْزُقُ مَن يَشَاءُ ۖ وَهُوَ الْقَوِيُّ الْعَزِيزُ","Allahu lateefun biAAibadihiyarzuqu man yashao wahuwa alqawiyyu alAAazeez","Allah is very Gracious and Kind to His slaves. He gives provisions to whom He wills. And He is the All-Strong, the All-Mighty.","Surah Ash-Shuraa - 42:19"
"For seeking Allah's help",4," إِنَّمَا أَشْكُو بَثِّي وَحُزْنِي إِلَى اللَّهِ وَأَعْلَمُ مِنَ اللَّهِ مَا لَا تَعْلَمُونَ","Innama ashkoo baththee wahuzneeila Allahi waaAAlamu mina Allahi ma lataAAlamoon","I only complain of my suffering and my grief to Allah, and I know from Allah that which you do not know.","Surah Yusuf - 12:86"
"For someone who lends you money",1," بارَكَ اللهُ لَكَ في أَهْلِكَ وَمالِك، إِنَّما جَـزاءُ السَّلَفِ الْحَمْدُ والأَدَاء","Baarakallaahu laka fee 'ahlika wa maalika, 'innamaa jazaa'us-salafil-hamdu wal'adaa'","May Allah bless you in your family and your wealth, surely the reward for a loan is praise and returning (what was borrowed).","Ibn Majah: 2424"
"For someone who offers you a meal",1," اللّهُـمَّ أَطْعِمْ مَن أَطْعَمَني، وَاسْقِ مَن سَقَانِي","Allaahumma 'at'im man 'at'amanee wasqi man saqaanee","O Allah, feed the one who has fed me and drink to the one who has given me drink.","Muslim 3:126"
"For someone who provides you with Iftar",2," أَفْطَـرَ عِنْدَكُم الصّـائِمونَ وَأَكَلَ طَعامَـكُمُ الأبْـرار، وَصَلَّـتْ عَلَـيْكُمُ الملائِكَـة","Aftara 'indakumus-saa'imoona, wa 'akala ta'aamakumul-'abraaru , wa sallat 'alaykumul-malaa'ikatu","With you, those who are fasting have broken their fast, you have fed those who are righteous, and the angels recite their prayers upon you.","Abu Dawud: 3854"
"For success",3," وَمَا تَوْفِيقِي إِلَّا بِاللَّهِ ۚ عَلَيْهِ تَوَكَّلْتُ وَإِلَيْهِ أُنِيبُ","Wama tawfeeqee illa billahiAAalayhi tawakkaltu wa-ilayhi oneeb","My success is not but through Allah. Upon him I have relied, and to Him I return.","Surah Hud - 11:88"
"For thanking Allah (SWT)",10," سُبْحَانَ اللهِ ، والْحَمْدُ للهِ ، وَاللهُ أَكْبَرُ","Subhaanallaahi, Walhamdu lillaahi, Wallaahu 'Akbar","Glory is to Allah, praise is to Allah, Allah is the Most Great!","Muslim 4:2091"
"For thanking someone",1," جَزاكَ اللهُ خَـيْراً","Jazaakallaahu khayran","May Allah reward you with good.","At-Tirmidhi: 2035"
"For the deceased at the funeral prayer",3," الَّلهُـمِّ إِنَّ فُلانَ بْنَ فُلانٍ في ذِمَّـتِك ، وَحَبْـلِ جِـوارِك ، فَقِـهِ مِنْ فِتْـنَةِ الْقَـبْرِ وَعَذابِ النّـار ، وَأَنْتَ أَهْلُ الْوَفـاءِ وَالْـحَقِّ ، فَاغْفِـرْ لَهُ وَارْحَمْـهُ ، إِنَّكَ أَنْتَ الغَـفورُ الـرَّحيم","Allaahumma 'inna [name the person] fee thimmatika, wa habli jiwaarika, faqihi min fitnatil-qabri wa 'athaabin-naari, wa 'Anta 'ahlul-wafaa'i walhaqqi. Faghfir lahu warhaw.hu 'innaka 'Antal-Ghafoorur-Raheem","O Allah, surely [name the person] is under Your protection, and in the rope of Your security, so save him from the trial of the grave and from the punishment of the Fire. You fulfill promises and grant rights, so forgive him and have mercy on him. Surely You are Most Forgiving, Most Merciful.","Abu Dawud: 3202, Ibn Majah: 1499"
"For the night of destiny (Lailatul Qadr)",1," اَللَّهُمَّ اِنَّكَ عَفُوٌّ ، تُحِبُّ الْعَفْوَ فَاعْفُ عَنِّي","Allahumma innaka `afuwwun tuhibbul `afwa fa`fu `annee","O Allah You are The One Who forgives greatly, and loves to forgive, so forgive me","Ibn Majah: 3850, At-Tirmidhi: 3513"
"For this world and the aakhira",6," رَبَّنَا إِنَّكَ جَامِعُ النَّاسِ لِيَوْمٍ لاَّ رَيْبَ فِيهِ إِنَّ اللّهَ لاَ يُخْلِفُ الْمِيعَادَ","Rabbana innaka jami'unnasi li-Yawmil la rayba fi innAllaha la yukhliful mi'aad","Our Lord, surely You will gather the people for a Day about which there is no doubt. Indeed, Allah does not fail in His promise.","Surah Al-Imran - 3:9"
"For travel",2," رَّبِّ اَدْخِلْنِيْ مُدْخَلَ صِدْقٍ وَّاَخْرِجْنِيْ مُخْــرَجَ صِدْقٍ وَّاجْعَلْ لِّيْ مِنْ لَّدُنْكَ سُلْطٰنًا نَّصِيْرًا","Rabbi Adkhilnee Mudkhala S’idqiw Wa Akhrijnee Mukhraja S’diqiw Waj-a’l Lee Mil Ladunkaa Sult’aanan Nas’eeraa","My Lord! Let my entry (to the city of Al-Madinah) be good, and likewise my exit (from the city of Makkah) be good. And grant me from You an authority to help me (or a firm sign or a proof).","Surah Al-Israa 17:80"
"For your child's protection",2," أُعيـذُكُمـا بِكَلِـماتِ اللهِ التّـامَّة، مِنْ كُلِّ شَيْـطانٍ وَهـامَّة، وَمِنْ كُـلِّ عَـيْنٍ لامَّـة","U'eethukumaa bikalimaatil-laahit-taammati min kulli shaytaanin wa haammatin, wa min kulli 'aynin laammatin","I seek protection for you in the Perfect Words of Allah from every devil and every beast, and from every envious blameworthy eye.","Abu Dawud: 4737"
"Forgiveness for your parents and all Muslims",1," رَبَّنَا اغْفِرْ لِي وَلِوَالِدَيَّ وَلِلْمُؤْمِنِينَ يَوْمَ يَقُومُ الْحِسَابُ","Rabbana ghfir li wa li wallidayya wa lil Mu'mineena yawma yaqumul hisaab","O our Lord! Cover (us) with Thy Forgiveness - me, my parents, and (all) Believers, on the Day that the Reckoning will be established!","Surah Ibraheem - 14:41"
"Forgiveness for your siblings",2," رَبِّ اغْفِرْ لِي وَلِأَخِي وَأَدْخِلْنَا فِي رَحْمَتِكَ ۖ وَأَنْتَ أَرْحَمُ الرَّاحِمِينَ","Rabbi ighfir lee wali akhee wa adkhilna fee rahmatika wa anta arhamur rahimeen","O my Lord! Forgive me and my brother, and make us enter into Your Mercy, for you are the Most Merciful of those who show mercy.","Surah Al-A'raf - 7:151"
"Grant me confidence and eloquence",2," سُبْحَانَكَ لَا عِلْمَ لَنَا إِلَّا مَا عَلَّمْتَنَا ۖ إِنَّكَ أَنْتَ الْعَلِيمُ الْحَكِيمُ","Subhanaka laAAilma lana illa ma AAallamtanainnaka anta alAAaleemu alhakeem","Glory be to You, we have no knowledge except what you have taught us. Verily, it is You, the All-Knower, the All-Wise.","Surah Al-Baqarah - 2:32"
"If you fall on hard times",3," أَنِّي مَسَّنِيَ الضُّرُّ وَأَنتَ أَرْحَمُ الرَّاحِمِينَ","Annee massaniya addurru waanta arhamuarrahimeen","Indeed, adversity has touched me, and you are the Most Merciful of the merciful.","Surah Al-Anbiya - 21:83"
"In the last moments of one's life",1," أللّهُـمَّ اغْفِـرْ لي وَارْحَمْـني وَأَلْحِقْـني بِالرَّفـيقِ الأّعْلـى","Allaahum-maghfir lee warhamnee wa 'alhiqnee bir-rafeeqil-'a'laa","O Allah, forgive me and have mercy upon me and join me with the highest companions (in Paradise).","Al-Bukhari: 5674, At-Tirmidhi: 3496"
"In times of happiness",2," سُبْحَانَ اللهِ
 اللهُ أَكْبرُ","Subhaanallaah
 Allaahu 'Akbar","Glory is to Allah.
 Allah is the Most Great.","At-Tirmidhi 2:103"
"Increase in knowledge",3," رَبِّ هَبْ لِي حُكْمًا وَأَلْحِقْنِي بِالصَّالِحِينَ
 وَاجْعَل لِّي لِسَانَ صِدْقٍ فِي الْآخِرِينَ
 وَاجْعَلْنِي مِن وَرَثَةِ جَنَّةِ النَّعِيمِ
 وَاغْفِرْ لِأَبِي إِنَّهُ كَانَ مِنَ الضَّالِّينَ
 وَلَا تُخْزِنِي يَوْمَ يُبْعَثُونَ
 يَوْمَ لَا يَنفَعُ مَالٌ وَلَا بَنُونَ
 إِلَّا مَنْ أَتَى اللَّهَ بِقَلْبٍ سَلِيمٍ","Rabbi hab lee hukman wa alhiqnee bis saliheen.
 Waj'al lee lisana sidqin fil akhireen.
 Waj'al nee min warathati jannatin na'eem.
 Waghfir li-abee innahu kanamina addalleen.
 Wala tukhzinee yawma yub'asoon.
 Yawma la yanfa'u malun walaa banoon.
 Illa man ata Allah bi qalbin saleem.","My Lord! Bestow Hukman (religious knowledge, right judgement of the affairs and Prophethood) on me, and join me with the righteous.
 And grant me an honourable mention in later generations.
 And place me among the inheritors of the Garden of Pleasure.
 And forgive my father. Indeed, he has been of those astray.
 And disgrace me not on the Day when (all the creatures) will be resurrected.
 The Day when there will not benefit [anyone] wealth or children,
 But only one who comes to Allah with a sound heart.","Surah Ash-Shu'araa - 26:83-89"
"Morning remembrance",10," اللَّهُمَّ عَالِمَ الْغَيْبِ وَالشَّهَادَةِ فَاطِرَ السَّماوَاتِ وَالْأَرْضِ، رَبَّ كُلِّ شَيْءٍ وَمَلِيكَهُ، أَشْهَدُ أَنْ لَا إِلَهَ إِلَّا أَنْتَ، أَعُوذُ بِكَ مِنْ شَرِّ نَفْسِي، وَمِنْ شَرِّ الشَّيْطَانِ وَشِرْكِهِ، وَأَنْ أَقْتَرِفَ عَلَى نَفْسِي سُوءاً أَوْ أَجُرَّهُ إِلَى مُسْلِمٍ.","Allahumma AAalimal-ghaybi washshahadah, fatiras-samawati wal-ard, rabba kulli shayin wamaleekah, ashhadu an la ilaha illa ant, aAAoothu bika min sharri nafsee wamin sharrish-shaytani washirkih, waan aqtarifa AAala nafsee soo-an aw ajurrahu ila muslim.","O Allah, Knower of the unseen and the seen, Creator of the heavens and the Earth, Lord and Sovereign of all things, I bear witness that none has the right to be worshipped except You. I take refuge in You from the evil of my soul and from the evil and shirk of the devil, and from committing wrong against my soul or bringing such upon another Muslim.","At-Tirmidhi 3:142"
"Offer Salah regularly",1," إِنَّ رَبِّي لَسَمِيعُ الدُّعَاءِ
 رَبِّ اجْعَلْنِي مُقِيمَ الصَّلَاةِ وَمِنْ ذُرِّيَّتِي ۚ رَبَّنَا وَتَقَبَّلْ دُعَاءِ","Inna Rabbee la samee ud duaa.
 Rabbij alnee muqeemas salaati wa min thurriyyatee rabbana wa taqabbal duaa","Indeed, my Lord is the Hearer of supplication.
 My Lord, make me an establisher of prayer, and [many] from my descendants. Our Lord, and accept my supplication.","Surah Ibraheem - 14:39-40"
"On hearing a bad news",1," الْحَمْـدُ للهِ على كُـلِّ حَالٍ","Alhamdu lillaahi 'alaa kulli haal","Praise is to Allah in all circumstances.","Ibn Majah: 3803, 3804"
"On hearing good news",2," الْحَمْدُ لِلَّهِ مَاشَاء اللَّهُ
 تبارک اللهُ","Alhamdhulillahi Masha Allah
 Thabarak 'Allah","All praise is to Allah, Just as Allah willed
 Blessed is Allah","At-Tirmidhi 2:103"
"On hearing Athan",2," اللَّهُمَّ رَبَّ هَذِهِ الدَّعْوَةِ التَّامَّةِ، وَالصَّلَاةِ الْقَائِمَةِ، آتِ مُحَمَّداً الْوَسِيلَةَ وَالْفَضِيلَةَ، وَابْعَثْهُ مَقَاماً مَحْمُوداً الَّذِي وَعَدْتَهُ، إَنَّكَ لَا تُخْلِفُ الْمِيعَادَ.","Allaahumma Rabba haathid - da'watit - taammati wassalaatil-qaa'imati, 'aati Muhammadanil-waseelata walfadheelata, wab 'ath-hu maqaamam-mahmoodanil-lathee wa'adtahu, 'innaka laa tukhliful-mee'aad","O Allah , Lord of this perfect call and established prayer. Grant Muhammad the intercession and favor, and raise him to the honored station You have promised him, [verily You do not neglect promises].","Al-Bukhari 1:152"
"Upon sighting of the crescent moon",2," اللهُ أَكْـبَر، اللّهُمَّ أَهِلَّـهُ عَلَيْـنا بِالأمْـنِ وَالإيمـان، والسَّلامَـةِ والإسْلامِ، وَالتَّـوْفيـقِ لِما تُحِـبُّ رَبُّنـا وَتَـرْضَـى، رَبُّنـا وَرَبُّكَ اللهُ","Allaahu 'Akbar, Allaahumma 'ahillahu 'alayna bil'amni wal'eemaani, wassalaamati wal-'Islaami, wattawfeeqi limaa tuhibbu Rabbanaa wa tardhaa, Rabbunaa wa Rabbukallaahu.","Allah is the Most Great. O Allah, bring us the new moon with security and Faith, with peace and in Islam, and in harmony with what our Lord loves and what pleases Him. Our Lord and your Lord is Allah.","At-Tirmidhi 5:504"
"Pledge to Allah",2," إِنَّ صَلَاتِي وَنُسُكِي وَمَحْيَايَ وَمَمَاتِي لِلَّهِ رَبِّ الْعَالَمِينَ
 لَا شَرِيكَ لَهُ ۖ وَبِذَٰلِكَ أُمِرْتُ وَأَنَا أَوَّلُ الْمُسْلِمِينَ","inna salatee wanusukee wamahyaya wamamatee lillahi rabbil aalameen.
 La shareeka lahu wa bithalika omirtu wa ana aw walul muslimeen","Indeed, my prayer, my rites of sacrifice, my living and my dying are for Allah , Lord of the worlds.
 He has no partner. And of this I have been commanded, and I am the first of the Muslims.","Surah Al-An'am - 6:162-163"
"Protection from foolishness",1," الَّهُمَّ إِنِّي أَعُوذُ بِكَ أَنْ أَضِلَّ، أّوْ أُضَلَّ، أَوْ أَزِلَّ، أَوْ أُزَلَّ، أَوْ أَظْلِمَ، أَوْ أُظْلَمَ، أَوْ أَجْهَلَ، أَوْ يُجْهَلَ عَلَيَّ","Allaahumma 'innee 'a'oothu bika 'an 'adhilla, 'aw 'udhalla, 'aw 'azilla, 'aw 'uzalla, 'aw 'adhlima, 'aw 'udhlama, 'aw 'ajhala 'aw yujhala 'alayya","O Allah, I seek refuge in You lest I misguide others , or I am misguided by others , lest I cause others to err or I am caused to err , lest I abuse others or be abused, and lest I behave foolishly or meet with the foolishness of others.","Abu Dawud: 5094, Ibn Majah: 3884"
"Seek Allah's guidance",2," فَاللَّهُ خَيْرٌ حَافِظًا ۖ وَهُوَ أَرْحَمُ الرَّاحِمِينَ","fallahu khayrun hafithan wahuwa arhamu arrahimeen","Allah is the best guardian, and He is the most merciful of the merciful.","Surah Yusuf - 12:64"
"Seek Allah's satisfaction",4," رَبَّنَا وَاجْعَلْنَا مُسْلِمَيْنِ لَكَ وَمِن ذُرِّيَّتِنَا أُمَّةً مُّسْلِمَةً لَّكَ وَأَرِنَا مَنَاسِكَنَا وَتُبْ عَلَيْنَآ إِنَّكَ أَنتَ التَّوَّابُ الرَّحِيمُ","Rabbana wa-j'alna Muslimayni laka wa min Dhurriyatina 'Ummatan Muslimatan laka wa 'Arina Manasikana wa tub 'alayna 'innaka 'antat-Tawwabu-Raheem","Our Lord! Make of us Muslims, bowing to Thy (Will), and of our progeny a people Muslim, bowing to Thy (will); and show us our place for the celebration of (due) rites; and turn unto us (in Mercy); for Thou art the Oft-Returning, Most Merciful.","Surah Al-Baqarah - 2:128"
"Seek forgiveness and protection from hell",10," ۭرَبَّنَا لَا تُؤَاخِذْنَآ اِنْ نَّسِيْنَآ اَوْ اَخْطَاْنَا ۚ رَبَّنَا وَلَا تَحْمِلْ عَلَيْنَآ اِصْرًا كَمَا حَمَلْتَهٗ عَلَي الَّذِيْنَ مِنْ قَبْلِنَا ۚ رَبَّنَا وَلَا تُحَمِّلْنَا مَا لَا طَاقَةَ لَنَا بِهٖ ۚ وَاعْفُ عَنَّا ۪ وَاغْفِرْ لَنَا ۪ وَارْحَمْنَا ۪ اَنْتَ مَوْلٰىنَا فَانْــصُرْنَا عَلَي الْقَوْمِ الْكٰفِرِيْنَ","Rabbanaa Laa Too-Akhid’naaa In-Naseenaa Aw Akht’aanaa Rabbanaa wa Laa Tah’mil A’laynaaa Is’ran Kamaa Ha’maltahoo A’lal Lad’eena min Qablinaa Rabbanaa wa Laa Tuh’ammilnaa Maa Laa T’aaqata Lanaa Bih Wa’-Fu A’nnaa Waghfirlanaa Warh’amnaa Anta Mawlaanaa Fans’urnaa A’lal Qawmil Kaafireen","Allah burdens not a person beyond his scope. He gets reward for that (good) which he has earned, and he is punished for that (evil) which he has earned. "Our Lord! Punish us not if we forget or fall into error, our Lord! Lay not on us a burden like that which You did lay on those before us; our Lord! Put not on us a burden greater than we have strength to bear. Pardon us and grant us Forgiveness. Have mercy on us. You are our Maula (Patron, Supporter and Protector, etc.) and give us victory over the disbelieving people."","Surah Al-Baqarah - 2:286"
"Seek protection from culprits",1," قَالَ رَبِّ إِنِّي ظَلَمْتُ نَفْسِي فَاغْفِرْ لِي فَغَفَرَ لَهُ ۚ إِنَّهُ هُوَ الْغَفُورُ الرَّحِيمُ
 رَبِّ بِمَا أَنْعَمْتَ عَلَيَّ فَلَنْ أَكُونَ ظَهِيرًا لِّلْمُجْرِمِينَ
 رَبِّ نَجِّنِي مِنَ الْقَوْمِ الظَّالِمِينَ","Qala Rabbi innee thalamtunafsee faghfir lee faghafara lahu innahu huwa alghafooruarraheem
 Rabbi bima anAAamtaAAalayya falan akoona thaheeran lilmujrimeen
 Rabbi najjinee mina alqawmi aththalimeen","He (Musa) said, "My Lord, indeed I have wronged myself, so forgive me," and He forgave him. Indeed, He is the Forgiving, the Merciful.
 "My Lord, for the favor You bestowed upon me, I will never be an assistant to the criminals.
 My Lord, save me from the wrongdoing people."","Surah Al-Qasas - 28:16-17, 21"
"Settle a debt",1," اللّهُـمَّ اكْفِـني بِحَلالِـكَ عَنْ حَـرامِـك، وَأَغْنِـني بِفَضْـلِكِ عَمَّـنْ سِـواك","Allaahummak-finee bihalaalika 'an haraamika wa 'aghninee bifadhlika 'amman siwaaka","O Allah, suffice me with what You have allowed instead of what You have forbidden, and make me independent of all others besides You.","At-Tirmidhi: 3563"
"Strengthen your Imaan",9," رَبَّنَا اغْفِرْ لَنَا ذُنُوْبَنَا وَ اِسْرَافَنَا فِيْٓ اَمْرِنَا وَثَبِّتْ اَقْدَامَنَا وَانْصُرْنَا عَلَي الْقَوْمِ الْكٰفِرِيْنَ","Rabbanaghfir lanaa d’unoobanaa wa israafanaa fee amrinaa wa thabbit aqdaamanaa wan s’urnaa a’lal qawmil kaafireen","Our Lord! Forgive us our sins and our transgressions (in keeping our duties to You), establish our feet firmly, and give us victory over the disbelieving folk.","Surah Al-Imran - 3:147"
"Takbeer when passing the black stone",1," اللهُ أكْبَر","Allaahu 'Akbar","Allah is the Most Great!","Al-Bukhari:1751,1752,1753"
"Talbiyah",1," لَبَّيْكَ اللَّهُمَّ لَبَّيْكَ، لَبَّيْكَ لَا شَرِيكَ لَكَ لَبَّيْكَ، انَّالْحَمْدَ، وَالنِّعْمَةَ، لَكَ وَالْمُلْكَ، لا شَرِيكَ لَكَ","Labbayk Allaahumma labbayk, labbayk laa shareeka laka labbayk, 'innal-hamda, wanni'mata, laka walmulk, laa shareeka laka.","Ever at Your service, O Allah, every at Your service. Ever at Your Service, You have no partner, ever at Your service. Verily all praise, blessings and dominions are Yours. You have no partner","Muslim 2:841"
"To alleviate pain",1," بِسْمِ اللهِ , بِسْمِ اللهِ , بِسْمِ اللهِ
 أَعُوذُ باللهِ وَقُدْرَتِهِ مَنْ شَرِّ مَا أَجِدُ وَأُحَاذِرُ","Bismillaah, Bismillaah, Bismillaah
 'A'oothu billaahi wa qudratihi min sharri maa 'ajidu wa 'uhaathiru","In the Name of Allah
 I seek refuge in Allah and in His Power from the evil of what I find and of what I guard against.","Ibn Majah: 3522"
"To be a pious Muslim",2," رَبِّ فَلَا تَجْعَلْنِي فِي الْقَوْمِ الظَّالِمِينَ","Rabbi fala tajAAalnee fee alqawmi aththalimeen","My Lord, then do not place me among the wrongdoing people.","Surah Al-Mu'minoon - 23:94"
"To keep your family safe from transgressors.",1," رَبِّ نَجِّنِي وَأَهْلِي مِمَّا يَعْمَلُونَ","Rabbi najjinee waahlee mimma ya'maloon.","My Lord! Save me and my family from what they do.","Surah Ash-Shu'araa - 26:169"
"To make us practising Muslims",1," رَبَّنَا آمَنَّا بِمَا أَنزَلَتْ وَاتَّبَعْنَا الرَّسُولَ فَاكْتُبْنَا مَعَ الشَّاهِدِينَِ","Rabbana amanna bima anzalta wattaba 'nar-Rusula fak-tubna ma'ash-Shahideen","Our Lord! We believe in what Thou hast revealed, and we follow the Messenger. Then write us down among those who bear witness.","Surah Al-Imran - 3:53"
"To trust upon Allah",2," وَأُفَوِّضُ أَمْرِي إِلَى اللَّهِ ۚ إِنَّ اللَّهَ بَصِيرٌ بِالْعِبَادِ","wa ufawwidhu amree ila Allahi innallaha baseerun bil ibaad","And you will remember what I [now] say to you, and I entrust my affair to Allah . Indeed, Allah is Seeing of [His] servants.","Surah Ghafir - 40:44"
"Upon drinking milk",1," اللَّهُمَّ بَارِِكْ لَنا فِيهِ وَزِدْنَا مِنْهُ","Allahumma baarik lana feehi wa zidna minhu","O Allah! Bless us in it and give us increase of it.","At-Tirmidhi 5:506"
"Upon Entering Home",1," بِسْـمِ اللّهِ وَلَجْنـَا، وَبِسْـمِ اللّهِ خَـرَجْنـَا، وَعَلَـى رَبِّنـَا تَوَكّلْـنَا.","Bismil-lahi walajna, wabismil-lahi kharajna, waAAala rabbina tawakkalna.","In the name of Allah we enter and in the name of Allah we leave, and upon our Lord we place our trust.","Abu Dawud 4:325"
"Upon entering Mosque",1," أَعوذُ بِاللّهِ العَظِيـمِ، وَبِوَجْهِـهِ الكَرِيـمِ وَسُلْطـَانِه القَدِيـمِ، مِنَ الشَّيْـطَانِ الرَّجِـيمِ، [ بِسْـمِ اللّهِ وَالصَّلَاةُ ] [وَالسَّلامُ عَلَى رَسُولِ اللّهِ]، اَللَّهُـمَّ افْتَـحْ لِي أَبْوَابَ رَحْمَتـِكَ.","aAAoothu billahil-AAatheem wabiwajhihil-kareem wasultanihil-qadeem minash-shaytanir-rajeem, [bismil-lah, wassalatu] [wassalamu AAala rasoolil-lah] , allahumma iftah lee abwaba rahmatik.","I take refuge with Allah, The Supreme and with His Noble Face, and His eternal authority from the accursed devil. In the name of Allah, and prayers and peace be upon the Messenger of Allah. O Allah, open the gates of Your mercy for me.","Abu Dawud: 4591"
"When One Sees Someone Sneezing",1," يَرْحَمُكَ اللَّهُ","Yar hamu kal-laahu.","May Allah have mercy upon you","Al-Bukhar 7:126"
"Upon hearing thunder",1," سُبْـحانَ الّذي يُسَبِّـحُ الـرَّعْدُ بِحَمْـدِهِ، وَالملائِكـةُ مِنْ خيـفَته","Subhaanal-lathee yusabbihur-ra'du bihamdihi walmalaa'ikatu min kheefatihi","Glory is to Him Whom thunder and angels glorify due to fear of Him.","Al-Muwatta' 2:992"
"Upon Leaving Mosque",1," بِسْمِ اللّهِ وَالصَّلاَةُ وَالسَّلاَمُ عَلَى رَسُولِ اللّهِ، اَللَّهُـمَّ إِنِّي أَسْأَلُكَ مِنْ فَضْـلِكَ، اَللَّهُـمَّ اعْصِمْنِـي مِنَ الشَّيْـطَانِ الرَّجِـيمِ.","Bismil-lah wassalatu wassalamu AAala rasoolil-lah, allahumma innee as-aluka min fadlik, allahumma iAAsimnee minash-shaytanir-rajeem.","In the name of Allah, and prayers and peace be upon the Messenger of Allah. O Allah, I ask You from Your favour. O Allah, guard me from the accursed devil.","Muslim: 1:494, Ibn Majah: 1:129"
"Upon reaching the Yemeni corner during Tawaf",1," رَبَّنآ ءَاتِنَا فِى اْلدُّنْيَا حَسَنَةً وَ فى الاخِرَةِ حَسَنَةً وَ قِنَا عَذَابَ اْلنَّارِ","Rabbana aatina fid dunniyya hasanatan wa fil akhirati hasanatan wa qina ‘adhaban nar","Our Lord! Grant us good in this world and good in the hereafter, and save us from the punishment of the Fire","Abu Dawud"
"Upon seeing someone going through a trial or tribulation",3," الْحَمْـدُ للهِ الّذي عافاني مِمّا ابْتَـلاكَ بِهِ، وَفَضَّلَـني عَلى كَثيـرٍ مِمَّنْ خَلَـقَ تَفْضـيلا","Alhamdu lillaahil-lathee 'aafaanee mimmab-talaaka bihi wa fadhdhalanee 'alaa katheerin mimman khalaqa tafdheela","Praise is to Allah Who has spared me what He has afflicted you with, and preferred me greatly above much of what He has created.","Ibn Majah: 3892, At-Tirmidhi: 3431, 3432"
"Upon sneezing",1," اَلْحَمْدُ لِلَّهِ","Alhamdu lillaahi","All praise is for Allah.","Al-Bukhar 7:125"
"When a loss occurs",2," إِنَّا لِلّهِ وَإِنَّـا إِلَيْهِ رَاجِعونَ‎","Inna lillahi wa inna ilayhi raajioon","Indeed we belong to Allah , and indeed to Him we will return.","Surah Al-Baqarah 2:156"
"When at Mount Safa and Mount Marwah",1," أَبْدَأُ بِمَا بَدَأَ اللهُ بِهِ. لَا إِلهَ إِلَّا اللهُ وَ اللهُ أَكْـبَر لَا إِلهَ إِلَّا اللهُ وَحْدَهُ لَا شَرِيكَ لَهُ، لَهُ المُلْكُ وَلَهُ الحَمْدُ وهُوَ عَلى كُلِّ شَيءٍ قَديرٌ، لَا إِلَهَ إِلَّا اللهُ وَحْدَهُ أَنْجَزَ وَعْدَهُ، وَنَصَرَ عَبْدَهُ وَهَزَمَ الأَحْزَابَ وَحْدَهُ","Abda’u bi maa bada’-allaahu bih allaahu akbar, allaahu akbar, allaahu akbar laa ilaaha ill-allaahu waḥdahu laa shareeka lah, lahul-mulku wa lahul-ḥamdu wa huwa ‛alaa kulli shay’in qadeer, laa ilaaha ill-allaahu waḥdahu, anjaza wa‛dahu, wa naṣara ‛abdahu, wa hazam-al-’aḥzaaba waḥdah","I begin with what Allah began with.Allah is the greatest, Allah is the greatest, Allah is the greatest. None has the right to be worshipped except Allah, alone, without partner. To Him belongs all sovereignty and praise and He is over all things omnipotent. None has the right to be worshipped except Allah alone. He fulfilled His promise, aided His Servant and single-handedly defeated the allies.","Muslim 2:888"
"When beginning a meal",1," بِسْمِ اللّٰہِ الرَّحْمٰنِ الرَّحِيْمِ","Bismi-llāhi r-raḥmāni r-raḥīm","In the name of Allah , the Entirely Merciful, the Especially Merciful.","Sunnah of Prophet (SAW)"
"When beginning the Fast- Seher",2," وَبِصَوْمِ غَدٍ نَّوَيْتُ مِنْ شَهْرِ رَمَضَانَ","Wa bisawmi ghadinn nawaiytu min shahri ramadan","I intend to keep the fast for tomorrow in the month of Ramadan","Abu Dawud"
"For deceased",2," اللهُـمِّ اغْفِـرْ لِـ-فُلاَنٍ (باسـمه)وَارْفَعْ دَرَجَتََـهُ فِي المَهْـدِيّيـنَ ، وَاخْـلُفْـهُ في عَقِـبِهِ في الغَابِِـرِينَ، وَاغْفِـرْ لَنَا وَلَـهُ يا رَبَّ العـالَمـين، وَافْسَـحْ لَهُ في قَبْـرِهِ وَنَـوِّرْ لَهُ فِيهِ","Allaahummaghfir li (name of the person) warfa' darajatahu fil-mahdiyyeena, wakhlufhu fee 'aqibihi fil-ghaabireena , waghfir-lanaa wa lahu yaa Rabbal-'aalameena, wafsah lahu fee qabrihi wa nawwir lahu feehi","O Allah, forgive [name of the person] and elevate his station among those who are guided. Send him along the path of those who came before, and forgive us and him, O Lord of the worlds. Enlarge for him his grave and shed light upon him in it.","Muslim 2:634"
"Upon completing ablution",3," سُبْحـَانَكَ اللَّهُـمَّ وَبِحَمْدِكَ، أَشْهَـدُ أَنْ لاَ إِلَهَ إِلاَّ أَنْتَ، أَسْتَغْفِرُكَ وَأَتُوبُ إِلَـيْكَ.","Subhanakal-lahumma wabihamdika ashhadu an la ilaha illa anta astaghfiruka wa-atoobu ilayk.","How perfect You are O Allah, and I praise You, I bear witness that none has the right to be worshipped except You, I seek Your forgiveness and turn in repentance to You.","An-Nasa'i: 173"
"When dining at someones house",1," اللَّهُمَّ بَارِكْ لَهُمْ فِيمَا رَزَقْتَهُمْ ، وَاغْفِرْ لَهُمْ وَارْحَمْهُمْ","Allahumma barik lahum feema razaqtahum, waghfir lahum, war hamhum","O Allah! Bless them in what You have provided for them, and forgive them and have Mercy on them.","Muslim 3:1615"
"When entering market",1," لَا إِلَهَ إِلَّا اللَّهُ وَحْدَهُ لَا شَرِيكَ لَهُ لَهُ الْمُلْكُ وَلَهُ الْحَمْدُ يُحْيِي وَيُمِيتُ وَهُوَ حَيٌّ لَا يَمُوتُ بِيَدِهِ الْخُيْرُ وَهُوَ عَلَى كُلِّ شَيْءٍ قَدِيرٍ","Laa ilaaha illallaahu wahdahu laa shareeka lahu, lahul-mulku wa lahul-hamdu, yuhyee wa yumeetu, wa Huwa hayyun laa yamootu, biyadihil-khayru, wa Huwa alaa kulli shayin Qadeer.","There is no Lord except Allah. He is One and has no partners. His is the Kingdom and for Him are all praises. He gives life and gives death. He is eternal and everlasting In His control is goodness, and He has power over everything.","At-Tirmidhi 5:291, Al-Hakim 1:538"
"When feeling frightened",1," لا إلهَ إلاّ اللّه","Laa 'ilaaha 'illallaahu","There is none worthy of worship but Allah.","Al-Bukhari: 3346"
"When given a drink",1," اللَّهُمَّ اطْعِمَّ مَنْ اطْعَمَنِي وَاسْقِِِ ِ مَنْ سَقَانِيِ","Allahumma at’im man at’amani, wasqi man saqani","O Allah! Feed him who fed me and give him drink who gave me to drink.","Muslim 3:126"
"When going to Mosque",1," اللّهُـمَّ اجْعَـلْ في قَلْبـي نورا ، وَفي لِسـاني نورا، وَاجْعَـلْ في سَمْعي نورا، وَاجْعَـلْ في بَصَري نورا، وَاجْعَـلْ مِنْ خَلْفي نورا، وَمِنْ أَمامـي نورا، وَاجْعَـلْ مِنْ فَوْقـي نورا ، وَمِن تَحْتـي نورا .اللّهُـمَّ أَعْطِنـي نورا.","Allahumma ijAAal fee qalbee noora, wafee lisanee noora, wajAAal fee samAAee noora,wajAAal fee basaree noora, wajAAal min khalfee noora, wamin amamee noora ,wajAAal min fawqee noora, wamin tahtee noora, allahumma aAAtinee noora.","O Allah, place within my heart light, and upon my tongue light, and within my ears light, and within my eyes light, and place behind me light and in front of me light and above me light and beneath me light. O Allah, bestow upon me light.","Muslim: 1:526,529-530, Al-Bukhari 11:116"
"When in distress",3," لا إلَهَ إلاَّ اللَّهُ الْعَظـيمُ الْحَلِـيمْ، لا إلَهَ إلاَّ اللَّهُ رَبُّ العَـرْشِ العَظِيـمِ، لا إلَهَ إلاَّ اللَّهُ رَبُّ السَّمَـوّاتِ ورّبُّ الأَرْضِ ورَبُّ العَرْشِ الكَـريم","Laa 'ilaaha 'illallaahul-'Adheemul-Haleem, laa 'ilaaha 'illallaahu Rabbul-'Arshil-'Adheem, laa 'ilaaha 'illallaahu Rabbus-samaawaati wa Rabbul-'ardhi wa Rabbul-'Arshil-Kareem","There is none worthy of worship but Allah the Mighty, the Forbearing. There is none worthy of worship but Allah, Lord of the Magnificent Throne. There is none worthy of worship but Allah, Lord of the heavens and Lord of the earth, and Lord of the Noble Throne.","Al-Bukhari: 6346"
"When Leaving Home",2," اَللَّهُـمَّ إِنِّي أَعُـوذُ بِكَ أَنْ أَضِـلَّ أَوْ أُضَـلَّ، أَوْ أَزِلَّ أَوْ أُزَلَّ، أَوْ أَظْلِـمَ أَوْ أَُظْلَـمَ، أَوْ أَجْهَلَ أَوْ يُـجْهَلَ عَلَـيَّ .","Allahumma innee aAAoothu bika an adilla aw odal, aw azilla aw ozall, aw athlima aw othlam, aw ajhala aw yujhala AAalay.","O Allah, I take refuge with You lest I should stray or be led astray, or slip or be tripped, or oppress or be oppressed, or behave foolishly or be treated foolishly.’ slip: i.e. to commit a sin unintentionally","At-Tirmidhi 3:152"
"When looking into the mirror",1," اللَّهُمَّ أَنْتَ حَسَّنْتَ خَلْقِي فَحَسِّنْ خُلُقِي","Allahumma antha hasantha khalqi fa hasintha khulqi","O Allah, just as You have made my external features beautiful, make my character beautiful as well.","Al-Hisnul-Haseen Pg. 206"
"When offering condolence",1," إِنَّ للهِ ما أَخَذ، وَلَهُ ما أَعْـطـى، وَكُـلُّ شَيءٍ عِنْـدَهُ بِأَجَلٍ مُسَـمَّى.فَلْتَصْـبِر وَلْتَحْـتَسِب","Inna lillaahi maa 'akhatha, wa lahu maa 'a'taa, wa kullu shay'in 'indahu bi'ajalin musamman. Faltasbir waltahtasib","Surely, Allah takes what is His, and what He gives is His, and to all things He has appointed a time. So, have patience and be rewarded.","Al-Bukhari: 1284, An-Nasa'i: 1869"
"While Opening Fast",1," اللَّهُمَّ اِنِّى لَكَ صُمْتُ وَبِكَ امنْتُ وَعَليْكَ تَوَكّلتُ وَ عَلى رِزْقِكَ اَفْطَرْتُ","Allahumma inni laka sumtu wa bika aamantu wa alayka tawakkaltu wa ala rizq-ika-aftartu","O Allah! I fasted for You and I believe in You and I put my trust in You and I break my fast with Your sustenance","Abu Dawud: 2358"
"When placing the deceased in the grave",1," بِسْـمِ اللهِ وَعَلـى سُـنَّةِ رَسـولِ الله","Bismillaahi wa 'alaa sunnati Rasoolillaahi","With the Name of Allah and according to the Sunnah of the Messenger of Allah","Ibn Majah: 1550"
"When prostrating",2," اللَّهُمَّ اكْتُبْ لِي بِهَا عِنْدَكَ أَجْراً، وَضَعْ عَنِّي بِهَا وِزْراً، وَاجْعَلْهَا لِي عِنْدَكَ ذُخْراً، وَتَقَبَّلْهَا مِنِّي كَمَا تَقَبَّلْتَهَا مِنْ عَبْدِكَ دَاوُدَ","Allaahum-maktub lee bihaa 'indaka 'ajran, wa aha' 'annee bihaa wizran, waj'alhaa lee 'indaka thukhran, wa taqabbalhaa minnee kamaa taqabbaltahaa min'abdika Daawooda.","O Allah, write it as a reward for me, and release me from a burden for it, and make it a I treasure for me in Paradise. Accept it from me as You accepted it from your servant Dawud.","At-Tirmidhi 2:473"
"When responding to Salam",1," و عليكم السلام والرحمة الله وبركاته","Wa’alaikum assalam wa rahmatullahi wa barakatuh","Peace and mercy and blessings of Allah be upon you","Sunnah of the Prophet S.A.W"
"When returning from a long journey",1," ا للهُ أَكْـبَر، ا للهُ أَكْـبَر، ا للهُ أَكْـبَر
 لا إلهَ إلاّ اللّهُ وَحْـدَهُ لا شريكَ لهُ، لهُ الملكُ ولهُ الحَمْد، وهُوَ على كُلّ شَيءٍ قَـدير، آيِبـونَ تائِبـونَ عابِـدونَ لِرَبِّـنا حـامِـدون، صَدَقَ اللهُ وَعْـدَه، وَنَصَـرَ عَبْـدَه، وَهَزَمَ الأَحْـزابَ وَحْـدَه","Allahu akbar, Allahu akbar, Allahu akbar
 La ilaha illal-lahu wahdahu la shareeka lah, lahul-mulku walahul-hamd, wahuwa AAala kulli shay-in qadeer, ayiboona ta-iboon, AAabidoon, lirabbina hamidoon, sadaqal-lahu waAAdah, wanasara AAabdah, wahazamal-ahzaba wahdah","Allah is the greatest, Allah is the greatest, Allah is the greatest.
 None has the right to be worshipped except Allah, alone, without partner. To Him belongs all sovereignty and praise, and He is over all things omnipotent. We return, repent, worship and praise our Lord. Allah fulfilled His promise, aided His Servant, and single-handedly defeated the allies.","Bukhari 7:163, Muslim 2:980."
"When sacrificing an animal",1," بِسْمِ اللهِ واللهُ أَكْبَرُ اللَّهُمَّ مِنْكَ ولَكَ اللَّهُمَّ تَقَبَّلْ مِنِّي","Bismillaahi wallaahu 'Akbar [Allaahumma minka wa laka] Allaahumma taqabbal minnee","With the Name of Allah, Allah is the Most Great! [O Allah, from You and to You.] O Allah, accept it from me.","Muslim 3:1557"
"When sitting between two Sujood (Prostrations)",2," اللَّهُمَّ اغْفِرْ لِي، وَارْحَمْنِي، وَاهْدِنِي، وَاجْبُرْنِي، وَعَافِنِي، وَارْزُقْنِي، وَارْفَعْنِي","Allaahum-maghfir lee, warhamnee, wahdinee, wajburnee, wa 'aafinee, warzuqnee, warfa'nee","O Allah forgive me, have mercy on me, guide me, support me, protect me, provide for me and elevate me.","Ibn Majah: 3845, 1517 At-Tirmidhi: 284"
"When sitting in Prayer (Tashahhud)",1," التَّحِيَّاتُ للهِ، وَالصَّلَوَاتُ، وَالطَّيِّبَاتُ، السَّلَامُ عَلَيْكَ أَيُّهَا النَّبِيُّ وَرَحْمَةُ اللهِ وَبَرَكَاتُهُ، السَّلَامُ عَلَيْنَا وَعَلَى عِبَادِ اللهِ الصَّالِحِينَ. أّشَْدُ أَنْ لَا إِلَهَ إِلَّا اللهُ وَأَشْهَدُ أَنَّ مُحَمَّداً عَبْدُهُ وَرَسُولُهُ","Attahiyyaatu lillaahi wassalawaatu , wattayyibaatu , assalaamu 'alayka 'ayyuhan-Nabiyyu wa rahmatullaahi wa barakaatuhu, assalaamu 'alaynaa wa 'alaa 'ibaadillaahis-saaliheen. 'Ash-hadu 'an laa 'ilaaha 'illallaahu wa 'ash-hadu 'anna Muhammadan 'abduhu wa Rasooluhu","All greetings of humility are for Allah, and all prayers and goodness. Peace be upon you, O Prophet, and the mercy of Allah and His blessings. Peace be upon us and upon the righteous slaves of Allah. I bear witness that there is none worthy of worship but Allah, and I bear witness that Muhammad is His slave and His Messenger.","Al-Bukhari: 7381"
"When someone insults you",2," رَبِّ احْكُم بِالْحَقِّ ۗ وَرَبُّنَا الرَّحْمَٰنُ الْمُسْتَعَانُ عَلَىٰ مَا تَصِفُونَ","Rabbi ohkum bilhaqqi wa rabbuna arrahmanul musta'aanu alaa ma tasifoon","My Lord, judge [between us] in truth. And our Lord is the Most Merciful, the one whose help is sought against that which you describe.","Surah Al-Anbiya - 21:112"
"When someone praises you",2," اللَّهُمّ لاَ تُؤاَخِذْنِي ِبَما يَقُولُونُ ، وَاغْفِرْ لِي مَالا يَعْلَمُونَ وَاجْعَلْنِي خَيْراً مِمَّا َيظُنُّونَ","Allaahumma laa tu'aakhithnee bimaa yaqooloona, waghfir lee maa laa ya'lamoona [waj'alnee khayram-mimmaa yadhunnoon]","O Allah, do not call me to account for what they say and forgive me for what they have no knowledge of [and make me better than they imagine].","Shu'ab Al-Iman 4:228"
"When starting ablution",1," بِسْمِ اللّهِ.","Bismil-lah","In the name of Allah.","Irwa'ul-Ghalil 1:122"
"When stricken by tragedy",4," حَسْبُـنا اللهُ وَنِعْـمَ الوَكـيل","Hasbunallaahu wa ni'amal-wakeel","Allah is sufficient for us and the best of those on whom to depend.","Surah Al-Imran 3:173"
"When throwing stones at Jamaraat",1," اللهُ أكْبَر","Allaahu 'Akbar","Allah is the Most Great!","Al-Bukhari:1751,1752,1753"
"When visiting the graves",2," السَّلَامُ عَلَيْكُمُ أَهْلَ الدِّيَارِ مِنَ الْمُؤْمِنِينَ وَالْمُسْلِمِينَ وَإِنَّا إِنْ شَاءَ اللَّهُ بِكُمْ لَاحِقُونَ نَسْأَلُ اللَّهَ لَنَا وَلَكُمُ الْعَافِيَةَ","Assalaamu 'alaykum 'ahlad-diyaari, minal-mu'mineena walmuslimeena, wa 'innaa 'in shaa' Allaahu bikum laahiqoona [wa yarhamullaahul-mustaqdimeena minnaa walmusta'khireena] 'as'alullaaha lanaa wa lakumul- 'aafiyata.","Oh Muslims residing here, salaams on you, by the will of Allah we will also be coming to you. We seek safety for us and you.","Muslim 2:671, Ibr Majah 1:494"
"When visiting the sick",2," أَسْأَلُ اللَّهَ الْعَظِيمَ رَبَّ الْعَرْشِ الْعَظِيمِ أَنْ يَشْفِيَكَ","As'alullaahal-'Adheema Rabbal-'Arshil-'Adheemi 'an yashfiyaka.","I ask Allah who is the Lofty and the Lord of the Mighty Throne that He cures you\n(Prophet Mohammad (SAW.) said that by reciting this dua seven times, the ill person will regain his health and if death occurs then that (death) is a different issue (i.e. death is written it cannot be prevented))","At-Tirmidhi 2:210"
"When wearing new clothes",1," اللَّهُمَّ لَكَ الْحَمْدُ أَنْتَ كَسَوْتَنِيهِ، أَسْأَلُكَ مِنْ خَيْرِهِ وَخَيْرِ مَا صُنِعَ لَهُ، وَأَعُوذُ بِكَ مِنْ شَرِّهِ وَشَرِّ مَا صُنِعَ لَهُ","Allaahumma lakal-hamdu 'Anta kasawtaneehi, 'as'aluka min khayrihi wa khayri maa suni'a lahu, wa 'a'oothu bika min sharrihi wa sharri ma suni'a lahu","O Allah, praise is to You. You have clothed me. I ask You for its goodness and the goodness of what it has been made for, and I seek Your protection from the evil of it and the evil of what it has been made for.","Abu Dawud: 4020, At-Tirmidhi: 1767"
"When you are in need",1," رَبِّ إِنِّي لِمَا أَنزَلْتَ إِلَيَّ مِنْ خَيْرٍ فَقِيرٌ","Rabbi innee lima anzalta ilayya min khayrin faqeer","My Lord! Truly, I am in need of whatever good that You bestow on me!","Surah Al-Qasas - 28:24"
"When you are nearing your death",2," أَشْهَدُ أَنْ لَا إِلَهَ إلَّا اللهُ وَحْدَهُ لَا شَرِيكَ لَهُ، وَأَشْهَدُ أَنَّ مُحَمَّداً عَبْدُهُ وَرَسُولُهُ","Ash-hadu 'an laa 'ilaaha 'illallaahu wahdahu laa shareeka lahu wa 'ash-hadu 'anna Muhammadan 'abduhu wa Rasooluhu.","I bear witness that none has the right to be worshipped but Allah alone, Who has no partner; and I bear witness that Muhammad is His slave and His Messenger.","Muslim 1:209"
"When you fail or lose at something",1," قَدَّرَ اللهُ وَما شـاءَ فَعَـلَ","Qadarullaahu wa maa shaa'afa'ala","It is the Decree of Allah and He does whatever He wills.","Ibn Majah: 4168"
"When Waking Up",3," اَلْحَمْدُ لِلَّهِ الَّذي أَحْيَانَا بَعْدَ مَا أَمَاتَنَا وَإِلَيْهِ النُّشُورُ.","Alhamdu lillahil-lathee ahyana baAAda ma amatana wa-ilayhin-nushoor.","All praise is for Allah who gave us life after having taken it from us and unto Him is the resurrection.","Al-Bukhari 11:113, Muslim 4:2083"
"While prostrating before Allah (in Sujood)",7," اللَّهُمَّ اغْفِرْ لِي ذَنْبِي كُلَّهُ، دِقَّهُ وَجِلَّهُ، وَأَوَّلَهُ وَآخِرَهُ وَعَلَانِيَتَهُ وَسِرَّهُ","Allaahum-maghfir lee thanbee kullahu, diqqahu wa jillahu, wa 'awwalahu wa 'aakhirahu wa 'alaaniyata hu wa sirrahu","O Allah, forgive me all my sins, great and small, the first and the last, those that are apparent and those that are hidden.","Abu Dawud: 878"
"While returning from travel",1," ا للهُ أَكْـبَر، ا للهُ أَكْـبَر، ا للهُ أَكْـبَر،لا إلهَ إلاّ اللّهُ وَحْـدَهُ لا شريكَ لهُ، لهُ الملكُ ولهُ الحَمْد، وهُوَ على كُلّ شَيءٍ قَـدير، آيِبـونَ تائِبـونَ عابِـدونَ لِرَبِّـنا حـامِـدون، صَدَقَ اللهُ وَعْـدَه، وَنَصَـرَ عَبْـدَه، وَهَزَمَ الأَحْـزابَ وَحْـدَه.","Allahu Akbar, Allahu Akbar, Allahu Akbar, Laa ilaaha illallaahu wahdahu laa shareeka lahu, lahul-mulku, wa lahul-hamdu, wa Huwa alaa kulli shay in Qadeer, aaiboona, taaiboona, aabidoona, lirabbinaa haamidoona, sadaqallaahu wadahu, wa nasara abdahu, wa hazamal-ahzaaba wahdahu.","Allah is the greatest, Allah is the greatest, Allah is the greatest.\nNone has the right to be worshipped except Allah, alone, without partner. To Him belongs all sovereignty and praise, and He is over all things omnipotent. We return, repent, worship and praise our Lord. Allah fulfilled His promise, aided His Servant, and single-handedly defeated the allies.","Al-Bukhari 7:163, 2:980"
"When Wearing a Garment",1," اَلْحَمْدُ لِلّهِ الَّذِي كَسَانِي هَذَا (الثَّوْبَ) وَرَزَقَنِيهِ مِنْ غَـيـْرِ حَوْلٍ مِنِّي وَلَا قُـوَّةٍ.","Alhamdu lillahil-lathee kasanee hatha (aththawb) warazaqaneehi min ghayri hawlin minnee wala quwwah.","All Praise is for Allah who has clothed me with this garment and provided it for me, with no power or might from myself.","Irwa'ul-Ghalil 7:47"
"Manzil",10," أَفَحَسِبْتُمْ أَنَّمَا خَلَقْنَٰكُمْ عَبَثًا وَأَنَّكُمْ إِلَيْنَا لَا تُرْجَعُونَ
فَتَعَٰلَى ٱللَّهُ ٱلْمَلِكُ ٱلْحَقُّ لَآ إِلَٰهَ إِلَّا هُوَ رَبُّ ٱلْعَرْشِ ٱلْكَرِيمِ
وَمَن يَدْعُ مَعَ ٱللَّهِ إِلَٰهًا ءَاخَرَ لَا بُرْهَٰنَ لَهُۥ بِهِۦ فَإِنَّمَا حِسَابُهُۥ عِندَ رَبِّهِۦٓ إِنَّهُۥ لَا يُفْلِحُ ٱلْكَٰفِرُونَ
وَقُل رَّبِّ ٱغْفِرْ وَٱرْحَمْ وَأَنتَ خَيْرُ ٱلرَّٰحِمِينَ","23. 115. Afahasibtum annama khalaqnakum AAabathan waannakum ilayna la turjaAAoona
23. 116. FataAAala Allahu almaliku alhaqqu la ilaha illa huwa rabbu alAAarshi alkareemi
23. 117. Waman yadAAu maAAa Allahi ilahan akhara la burhana lahu bihi fa-innama hisabuhu AAinda rabbihi innahu la yuflihu alkafiroona 23.118. Waqul rabbi ighfir wairham waanta khayru alrrahimeena Bismi Allahi alrrahmani alrraheemi ","","Surah Al-Muminoon : 115 - 118"
"During Hajj",4," أَبْدَأُ بِمَا بَدَأَ اللهُ بِهِ. لَا إِلهَ إِلَّا اللهُ وَ اللهُ أَكْـبَر لَا إِلهَ إِلَّا اللهُ وَحْدَهُ لَا شَرِيكَ لَهُ، لَهُ المُلْكُ وَلَهُ الحَمْدُ وهُوَ عَلى كُلِّ شَيءٍ قَديرٌ، لَا إِلَهَ إِلَّا اللهُ وَحْدَهُ أَنْجَزَ وَعْدَهُ، وَنَصَرَ عَبْدَهُ وَهَزَمَ الأَحْزَابَ وَحْدَهُ","Abda’u bi maa bada’-allaahu bih allaahu akbar, allaahu akbar, allaahu akbar laa ilaaha ill-allaahu waḥdahu laa shareeka lah, lahul-mulku wa lahul-ḥamdu wa huwa ‛alaa kulli shay’in qadeer, laa ilaaha ill-allaahu waḥdahu, anjaza wa‛dahu, wa naṣara ‛abdahu, wa hazam-al-’aḥzaaba waḥdah","I begin with what Allah began with.Allah is the greatest, Allah is the greatest, Allah is the greatest. None has the right to be worshipped except Allah, alone, without partner. To Him belongs all sovereignty and praise and He is over all things omnipotent. None has the right to be worshipped except Allah alone. He fulfilled His promise, aided His Servant and single-handedly defeated the allies.","[مسلم 2:888]"
"Sneezers replies back",1," يَهْدِيكُمُ اللَّهُ وَيُصْلِحُ بَالَكُمْ ","Yahdeekumul-lahu wayuslihu balakum","May Allah guide you and rectify your condition.","Sahih Al-Bukhari: 6224"
"Having Relation With Wife",1," بِسْمِ اللَّهِ اللَّهُمَّ جَنِّبْنَا الشَّيْطَانَ وَجَنِّبِ الشَّيْطَانَ مَا رَزَقْتَنَا  ","Bismillah, Allahumma Jannibna-sh-Shaitan, Wa Jannibi-sh-Shaitana ma Razaqtana","I am having relations in the name of Allah. O Allah save us from Satan and keep him away from the children You grant us. The child that is born after the recitation of this dua will never be harmed by Satan","Sunan Abi Dawud: 2161"
